PRAGMA foreign_keys=OFF;
BEGIN TRANSACTION;
CREATE TABLE "schema_migrations" ("version" varchar NOT NULL);
INSERT INTO "schema_migrations" VALUES('20161228182246');
INSERT INTO "schema_migrations" VALUES('20161228182249');
INSERT INTO "schema_migrations" VALUES('20161228182252');
INSERT INTO "schema_migrations" VALUES('20161229183742');
INSERT INTO "schema_migrations" VALUES('20170122112415');
INSERT INTO "schema_migrations" VALUES('20170204171739');
INSERT INTO "schema_migrations" VALUES('20170204175613');
INSERT INTO "schema_migrations" VALUES('20170206173335');
INSERT INTO "schema_migrations" VALUES('20170208170026');
INSERT INTO "schema_migrations" VALUES('20170209165029');
INSERT INTO "schema_migrations" VALUES('20170216180049');
INSERT INTO "schema_migrations" VALUES('20170315125541');
INSERT INTO "schema_migrations" VALUES('20170416111913');
INSERT INTO "schema_migrations" VALUES('20170502094220');
INSERT INTO "schema_migrations" VALUES('20170502121449');
INSERT INTO "schema_migrations" VALUES('20170521111343');
INSERT INTO "schema_migrations" VALUES('20170616131321');
INSERT INTO "schema_migrations" VALUES('20170628111146');
INSERT INTO "schema_migrations" VALUES('20170710101246');
INSERT INTO "schema_migrations" VALUES('20170716110520');
INSERT INTO "schema_migrations" VALUES('20170716110556');
INSERT INTO "schema_migrations" VALUES('20171203114736');
CREATE TABLE "companies" ("id" INTEGER PRIMARY KEY AUTOINCREMENT NOT NULL, "name_j" varchar, "name_e" varchar, "created_at" datetime NOT NULL, "updated_at" datetime NOT NULL, "opt_tirerotation" bool DEFAULT 'f');
INSERT INTO "companies" VALUES(1,'タイ日本通運株式会社','Nippon Express (Thailand) Co., Ltd.','2017-04-12 13:02:54.461225','2017-04-12 13:02:54.461225','f');
INSERT INTO "companies" VALUES(2,'A.N.I. Logisitics','A.N.I. Logisitics','2017-04-12 13:02:54.479577','2017-04-12 13:02:54.479577','f');
INSERT INTO "companies" VALUES(3,'日本梱包運輸倉庫（タイランド）','Thai Nippon Konpo Co., Ltd.','2017-04-12 13:02:54.495659','2017-04-12 13:02:54.495659','f');
INSERT INTO "companies" VALUES(4,'山九レムチャバン株式会社','Sankyu Leacmchabang','2017-04-12 13:02:54.510823','2017-04-12 13:02:54.510823','f');
INSERT INTO "companies" VALUES(5,'山九タイ株式会社','Sankyu Thai Co., Ltd.','2017-04-12 13:02:54.526943','2017-04-12 13:02:54.526943','f');
INSERT INTO "companies" VALUES(6,'タイバージ コンテナサービス株式会社','Thai Berge Container Service Co., Ltd.','2017-04-12 13:02:54.542679','2017-04-12 13:02:54.542679','f');
INSERT INTO "companies" VALUES(7,'タイ日新','Siam Nistrans Co., Ltd.','2017-04-12 13:02:54.556126','2017-04-12 13:02:54.556126','f');
INSERT INTO "companies" VALUES(8,'Honda Logisitcs Asia Co., Ltd.','Honda Logisitcs Asia Co., Ltd.','2017-04-12 13:02:54.570142','2017-04-12 13:02:54.570142','f');
INSERT INTO "companies" VALUES(9,'AAL Transportation Co., Ltd.','AAL Transportation Co., Ltd.','2017-04-12 13:02:54.582665','2017-04-12 13:02:54.582665','f');
INSERT INTO "companies" VALUES(10,'Logitem (Thailand) Co., Ltd.','Logitem (Thailand) Co., Ltd.','2017-04-12 13:02:54.595655','2017-04-12 13:02:54.595655','f');
INSERT INTO "companies" VALUES(11,'西尾レントオール（タイランド）','Nishio Rent All (Thailand) Co., Ltd.','2017-04-12 13:02:54.610575','2017-04-12 13:02:54.610575','f');
INSERT INTO "companies" VALUES(12,'タイ・マックス・コールドストレージ','Thaimax Cold Storage Co., Ltd.','2017-04-12 13:02:54.624230','2017-04-12 13:02:54.624230','f');
INSERT INTO "companies" VALUES(13,'Kamekyu Thailand Ltd.','Kamekyu Thailand Ltd.','2017-04-12 13:02:54.639713','2017-04-12 13:02:54.639713','f');
INSERT INTO "companies" VALUES(14,'Ikeda (Thailand) Co., Ltd.','Ikeda (Thailand) Co., Ltd.','2017-04-12 13:02:54.654467','2017-04-12 13:02:54.654467','f');
INSERT INTO "companies" VALUES(15,'細谷カンパニー ','Hosoya International Co.Ltd','2017-09-24 11:24:39.547461','2017-09-24 11:24:39.547461','f');
INSERT INTO "companies" VALUES(16,'細谷カンパニー ','Hosoya International Co.Ltd','2017-09-24 11:25:37.682496','2017-09-24 11:25:37.682496','f');
INSERT INTO "companies" VALUES(17,'def','abc','2017-10-01 11:49:45.423460','2017-12-03 11:50:58.539553','f');
CREATE TABLE "branches" ("id" INTEGER PRIMARY KEY AUTOINCREMENT NOT NULL, "company_id" integer, "name" varchar, "created_at" datetime NOT NULL, "updated_at" datetime NOT NULL);
INSERT INTO "branches" VALUES(1,1,'Lakrabang','2017-04-12 13:02:54.680785','2017-04-12 13:02:54.680785');
INSERT INTO "branches" VALUES(2,1,'Leamchabang','2017-04-12 13:02:54.694283','2017-04-12 13:02:54.694283');
INSERT INTO "branches" VALUES(3,1,'Rayong','2017-04-12 13:02:54.707230','2017-04-12 13:02:54.707230');
INSERT INTO "branches" VALUES(4,1,'Ayuthaya','2017-04-12 13:02:54.720345','2017-04-12 13:02:54.720345');
INSERT INTO "branches" VALUES(5,2,'Rojana','2017-04-12 13:02:54.734315','2017-04-12 13:02:54.734315');
INSERT INTO "branches" VALUES(6,2,'Prachinburi','2017-04-12 13:02:54.747799','2017-04-12 13:02:54.747799');
INSERT INTO "branches" VALUES(7,3,'Wellgrow','2017-04-12 13:02:54.762315','2017-04-12 13:02:54.762315');
INSERT INTO "branches" VALUES(8,3,'Leamchabang','2017-04-12 13:02:54.775807','2017-04-12 13:02:54.775807');
INSERT INTO "branches" VALUES(9,3,'Bang-na','2017-04-12 13:02:54.790818','2017-04-12 13:02:54.790818');
INSERT INTO "branches" VALUES(10,4,'Bowin','2017-04-12 13:02:54.804739','2017-04-12 13:02:54.804739');
INSERT INTO "branches" VALUES(11,4,'Leamchabang','2017-04-12 13:02:54.818849','2017-04-12 13:02:54.818849');
INSERT INTO "branches" VALUES(12,4,'Rayong','2017-04-12 13:02:54.832169','2017-04-12 13:02:54.832169');
INSERT INTO "branches" VALUES(13,5,'Navanakorn','2017-04-12 13:02:54.844702','2017-04-12 13:02:54.844702');
INSERT INTO "branches" VALUES(14,6,'Pathumthani','2017-04-12 13:02:54.866899','2017-04-12 13:02:54.866899');
INSERT INTO "branches" VALUES(15,6,'Leamchabang','2017-04-12 13:02:54.879927','2017-04-12 13:02:54.879927');
INSERT INTO "branches" VALUES(16,7,'Leamchabang','2017-04-12 13:02:54.896269','2017-04-12 13:02:54.896269');
INSERT INTO "branches" VALUES(17,7,'Ayuthaya','2017-04-12 13:02:54.911062','2017-04-12 13:02:54.911062');
INSERT INTO "branches" VALUES(18,7,'Chang-mai','2017-04-12 13:02:54.924013','2017-04-12 13:02:54.924013');
INSERT INTO "branches" VALUES(19,8,'Rojana','2017-04-12 13:02:54.938991','2017-04-12 13:02:54.938991');
INSERT INTO "branches" VALUES(20,8,'Bang-na','2017-04-12 13:02:54.951973','2017-04-12 13:02:54.951973');
INSERT INTO "branches" VALUES(21,8,'Prachinburi','2017-04-12 13:02:54.966906','2017-04-12 13:02:54.966906');
INSERT INTO "branches" VALUES(22,9,'Wellgrow','2017-04-12 13:02:54.980780','2017-04-12 13:02:54.980780');
INSERT INTO "branches" VALUES(23,9,'Prachinburi','2017-04-12 13:02:54.991370','2017-04-12 13:02:54.991370');
INSERT INTO "branches" VALUES(24,10,'Bang-na','2017-04-12 13:02:55.006509','2017-04-12 13:02:55.006509');
INSERT INTO "branches" VALUES(25,10,'Samrong','2017-04-12 13:02:55.020128','2017-04-12 13:02:55.020128');
INSERT INTO "branches" VALUES(26,10,'Lakcy','2017-04-12 13:02:55.034991','2017-04-12 13:02:55.034991');
INSERT INTO "branches" VALUES(27,11,'Lakrabang','2017-04-12 13:02:55.050365','2017-04-12 13:02:55.050365');
INSERT INTO "branches" VALUES(28,11,'Rayong','2017-04-12 13:02:55.063985','2017-04-12 13:02:55.063985');
INSERT INTO "branches" VALUES(29,11,'Chombri','2017-04-12 13:02:55.079142','2017-04-12 13:02:55.079142');
INSERT INTO "branches" VALUES(30,12,'Bang-na','2017-04-12 13:02:55.094743','2017-04-12 13:02:55.094743');
INSERT INTO "branches" VALUES(31,13,'Bankadi','2017-04-12 13:02:55.111686','2017-04-12 13:02:55.111686');
INSERT INTO "branches" VALUES(32,17,'fdsafsa','2017-12-17 11:20:39.544964','2017-12-17 11:20:39.544964');
CREATE TABLE "trucks" ("id" INTEGER PRIMARY KEY AUTOINCREMENT NOT NULL, "company_id" integer, "branch_id" integer, "maker" varchar, "model" varchar, "body" varchar, "wheels" integer, "engine" varchar, "vehicleid" varchar, "number" varchar, "e_oil" integer, "tm_oil" integer, "tire" varchar, "created_at" datetime NOT NULL, "updated_at" datetime NOT NULL, "df_oil" integer, "initmileage" integer, "purchase" date, "image" varchar);
INSERT INTO "trucks" VALUES(1,1,1,'Hino','FM8JKKA','Tractor Head',10,'Diesel','Track1','78_2842',15,10,'11R22.5-14PR','2017-04-12 13:33:23.323407','2017-08-27 16:04:07.062184',27,595574,'2007-10-04','20170827160407.jpg');
INSERT INTO "trucks" VALUES(2,1,1,'Hino','FM8JKKA',NULL,10,'Diesel','TEST','70_XXXX',15,10,'11R22.5-14PR','2017-04-16 11:33:38.169551','2017-04-16 11:33:38.169551',27,10000,NULL,NULL);
INSERT INTO "trucks" VALUES(3,17,32,'Hino','fds','',8,'Diesel','ddd','cxx-ccc',25,25,'22R156-95','2017-12-24 11:52:05.340568','2017-12-24 11:52:05.340568',56,0,'2017-12-24','20171224115205.jpg');
INSERT INTO "trucks" VALUES(4,13,31,'ISUZU','Mark2','VAN',8,'Diesel','1','XX-110-110',25,20,'10R','2017-12-24 11:54:06.487634','2017-12-24 11:54:06.487634',5,0,'2017-12-24','20171224115406.jpg');
CREATE TABLE "truckrelationships" ("id" INTEGER PRIMARY KEY AUTOINCREMENT NOT NULL, "user_id" integer, "truck_id" integer, "created_at" datetime NOT NULL, "updated_at" datetime NOT NULL);
INSERT INTO "truckrelationships" VALUES(1,1,1,'2017-04-12 13:36:28.403121','2017-04-12 13:36:28.403121');
INSERT INTO "truckrelationships" VALUES(2,1,2,'2017-04-16 12:23:59.541298','2017-04-16 12:23:59.541298');
INSERT INTO "truckrelationships" VALUES(3,3,1,'2017-07-01 14:07:33.223514','2017-07-01 14:07:33.223514');
INSERT INTO "truckrelationships" VALUES(4,4,1,'2017-11-01 13:04:44.551909','2017-11-01 13:04:44.551909');
INSERT INTO "truckrelationships" VALUES(5,5,1,'2017-11-04 05:14:06.202019','2017-11-04 05:14:06.202019');
CREATE TABLE "truckhistories" ("id" INTEGER PRIMARY KEY AUTOINCREMENT NOT NULL, "truck_id" integer, "action" date, "mileage" integer, "created_at" datetime NOT NULL, "updated_at" datetime NOT NULL);
INSERT INTO "truckhistories" VALUES(2,2,'2017-04-16',10000,'2017-04-16 11:33:38.186648','2017-04-16 11:33:38.186648');
INSERT INTO "truckhistories" VALUES(4,1,NULL,595574,'2017-05-26 14:22:02.941090','2017-05-26 14:22:02.941090');
INSERT INTO "truckhistories" VALUES(5,1,'2017-05-26',595674,'2017-05-26 14:32:14.784010','2017-05-26 14:32:14.784010');
INSERT INTO "truckhistories" VALUES(6,1,'2017-06-10',595684,'2017-06-10 04:53:47.627868','2017-06-10 04:53:47.627868');
INSERT INTO "truckhistories" VALUES(7,3,'2017-12-24',0,'2017-12-24 11:52:05.378035','2017-12-24 11:52:05.378035');
INSERT INTO "truckhistories" VALUES(8,4,'2017-12-24',0,'2017-12-24 11:54:06.507425','2017-12-24 11:54:06.507425');
CREATE TABLE "maintains" ("id" INTEGER PRIMARY KEY AUTOINCREMENT NOT NULL, "truck_id" integer, "action" date, "mileage" integer, "nextmileage" integer, "content" varchar, "created_at" datetime NOT NULL, "updated_at" datetime NOT NULL);
CREATE TABLE "costbases" ("id" INTEGER PRIMARY KEY AUTOINCREMENT NOT NULL, "company_id" integer, "model" varchar, "category" varchar, "oil_filter" integer, "fuel_filter" integer, "ps_oil" integer, "tm_oil" integer, "df_oil" integer, "air_filter" integer, "air_drier" integer, "break_oil" integer, "clutch_oil" integer, "coolant" integer, "grease" integer, "cng_filter" integer, "spark_plug" integer, "clutch_kit" integer, "battery" integer, "filter_ps_oil" integer, "timing_belt_eg" integer, "timing_belt_ac" integer, "filter_axle" integer, "softwasher" integer, "gasket_front_wheel" integer, "gasket_rear_wheel" integer, "seal_oil_front_wheel" integer, "wheel_grease" integer, "created_at" datetime NOT NULL, "updated_at" datetime NOT NULL, "type" varchar);
INSERT INTO "costbases" VALUES(1,1,'FM8JKKA','10W Tractor Head Diesel',650,242,510,NULL,2916,2290,250,620,220,1874,410,NULL,NULL,3497,2920,539,386,NULL,113,11,609,1641,1263,NULL,'2017-04-12 13:08:25.229285','2017-04-16 11:20:36.182054','Partscost');
INSERT INTO "costbases" VALUES(7,1,'FM8JKKA','10W Tractor Head Diesel',220,275,550,NULL,935,165,1100,990,550,NULL,NULL,NULL,NULL,880,NULL,NULL,550,NULL,NULL,NULL,609,NULL,NULL,7700,'2017-04-16 09:55:40.437805','2017-04-16 11:22:27.767940','Laborcost');
INSERT INTO "costbases" VALUES(8,1,'GXZ77NXKFQ','10W Tractor Head Diesel',1087,259,540,NULL,3712,4889,NULL,630,230,1874,430,NULL,NULL,2769,2330,NULL,NULL,NULL,NULL,NULL,NULL,NULL,NULL,NULL,'2017-04-19 12:09:43.978486','2017-04-19 12:09:43.978486','Partscost');
INSERT INTO "costbases" VALUES(9,1,'GXZ77NXFQ','Tractor Head 10W Diesel',220,275,550,NULL,935,165,NULL,990,550,NULL,NULL,NULL,NULL,330,NULL,NULL,550,NULL,NULL,NULL,NULL,NULL,NULL,7700,'2017-04-19 13:18:35.516997','2017-04-19 13:20:58.733999','Laborcost');
CREATE TABLE "vehicle_kartes" ("id" INTEGER PRIMARY KEY AUTOINCREMENT NOT NULL, "history" varchar, "vehicle_id" varchar, "vehicle_No" varchar, "integer" varchar, "text" varchar, "created_at" datetime NOT NULL, "updated_at" datetime NOT NULL);
CREATE TABLE "vehicle_karte_histories" ("id" INTEGER PRIMARY KEY AUTOINCREMENT NOT NULL, "vehicle_id" varchar, "vehicle_No" varchar, "integer" varchar, "history" varchar, "text" varchar, "created_at" datetime NOT NULL, "updated_at" datetime NOT NULL);
CREATE TABLE "oilprices" ("id" INTEGER PRIMARY KEY AUTOINCREMENT NOT NULL, "price" integer, "created_at" datetime NOT NULL, "updated_at" datetime NOT NULL);
INSERT INTO "oilprices" VALUES(1,125,'2017-06-16 13:33:22.887036','2017-06-16 13:33:22.887036');
CREATE TABLE "loginotes" ("id" INTEGER PRIMARY KEY AUTOINCREMENT NOT NULL, "truck_id" integer, "content" text, "created_at" datetime NOT NULL, "updated_at" datetime NOT NULL);
INSERT INTO "loginotes" VALUES(1,1,'aaa','2017-06-30 13:49:33.001076','2017-06-30 13:49:33.001076');
INSERT INTO "loginotes" VALUES(2,1,'2nd message','2017-06-30 13:54:39.774755','2017-06-30 13:54:39.774755');
INSERT INTO "loginotes" VALUES(3,1,'3rd message','2017-06-30 13:54:51.677912','2017-06-30 13:54:51.677912');
INSERT INTO "loginotes" VALUES(4,1,'Change front bumper oct 20th 2015 for 30000 bhat','2017-06-30 13:55:12.252316','2017-06-30 13:55:12.252316');
INSERT INTO "loginotes" VALUES(5,1,'Change rear bumper oct 20th 2015 for 20000 bhat cause of Traffic accident','2017-06-30 13:55:25.011800','2017-06-30 13:55:25.011800');
CREATE TABLE "users" ("id" INTEGER PRIMARY KEY AUTOINCREMENT NOT NULL, "company_id" integer, "name" varchar, "authorizer" boolean, "branch_id" integer, "created_at" datetime NOT NULL, "updated_at" datetime NOT NULL, "email" varchar, "password_digest" varchar);
INSERT INTO "users" VALUES(1,1,'test',NULL,1,'2017-04-12 13:35:21.318395','2017-04-12 13:35:21.318395','test@example.com','$2a$10$Gu7.8Evt3Yo2rAxHJ.ttsuM9o4acmuD8schRkAEKibGfkPGkeh3kK');
INSERT INTO "users" VALUES(2,1,'you',NULL,1,'2017-05-16 13:07:23.836714','2017-05-16 13:07:23.836714','you@example.com','$2a$10$UrCIr91bQgv//fevesipQeEQZAlrwlGieJ25vEe8EEkT2e1bPO/Wu');
INSERT INTO "users" VALUES(3,1,'test2',NULL,1,'2017-07-01 14:07:09.082138','2017-07-01 14:07:09.082138','test2@example.com','$2a$10$.OBjRNQBx8nht6m/zA7Ay.m5Xn5HuVgo6hSnv0nrq7.7yIPkk1S4i');
INSERT INTO "users" VALUES(4,1,'suzuki',NULL,1,'2017-11-01 13:04:36.128941','2017-11-01 13:04:36.128941','suzuki@example.com','$2a$10$bt14KqbsO7JRSS/w6bJ9Ku7QHdkwnXDaYIlj0hogWjzXri1dzCAc2');
INSERT INTO "users" VALUES(5,1,'fumi',NULL,1,'2017-11-04 05:13:49.137087','2017-11-04 05:13:49.137087','fumioh@cscoms.com','$2a$10$ZtX9aVbyf0lL25dXn9bPre6NvfUTY0U3F62RPRi1xJtC6Lw3OgUVO');
INSERT INTO "users" VALUES(6,17,'test',NULL,32,'2017-12-24 11:43:19.349339','2017-12-24 11:43:19.349339','test2@gmail.com','$2a$10$vXuUnn1dfqkpCudoitRx9uPrw8U4ndjB.vhyA43qQyJ0eQssgN1Da');
INSERT INTO "users" VALUES(7,13,'kameda',NULL,31,'2017-12-24 11:54:38.375002','2017-12-24 11:54:38.375002','kameda@example.com','$2a$10$JZYAztDC4r0g98rAhbiore3QyBsBCtfWpP6Wy4eiQi62cn2lJsAfO');
DELETE FROM sqlite_sequence;
INSERT INTO "sqlite_sequence" VALUES('companies',17);
INSERT INTO "sqlite_sequence" VALUES('branches',32);
INSERT INTO "sqlite_sequence" VALUES('costbases',9);
INSERT INTO "sqlite_sequence" VALUES('trucks',4);
INSERT INTO "sqlite_sequence" VALUES('truckhistories',8);
INSERT INTO "sqlite_sequence" VALUES('truckrelationships',5);
INSERT INTO "sqlite_sequence" VALUES('oilprices',1);
INSERT INTO "sqlite_sequence" VALUES('loginotes',5);
INSERT INTO "sqlite_sequence" VALUES('users',7);
CREATE UNIQUE INDEX "unique_schema_migrations" ON "schema_migrations" ("version");
CREATE INDEX "index_branches_on_company_id" ON "branches" ("company_id");
CREATE INDEX "index_trucks_on_company_id" ON "trucks" ("company_id");
CREATE INDEX "index_trucks_on_branch_id" ON "trucks" ("branch_id");
CREATE INDEX "index_truckrelationships_on_user_id" ON "truckrelationships" ("user_id");
CREATE INDEX "index_truckrelationships_on_truck_id" ON "truckrelationships" ("truck_id");
CREATE INDEX "index_truckhistories_on_truck_id" ON "truckhistories" ("truck_id");
CREATE INDEX "index_maintains_on_truck_id" ON "maintains" ("truck_id");
CREATE INDEX "index_costbases_on_company_id" ON "costbases" ("company_id");
CREATE INDEX "index_loginotes_on_truck_id" ON "loginotes" ("truck_id");
CREATE INDEX "index_loginotes_on_truck_id_and_created_at" ON "loginotes" ("truck_id", "created_at");
CREATE INDEX "index_users_on_company_id" ON "users" ("company_id");
CREATE INDEX "index_users_on_branch_id" ON "users" ("branch_id");
COMMIT;
